source,scraped_at,url,sku,title,brand,price,currency,in_stock,image_url,category,price_source,page,position,mode,locale,base_sku,collection,sub_collection,color,size,special_edition,variant_of,sort
montblanc.com,2026-09-17T22:36:53.099719+00:00,https://www.montblanc.com/en-us/piston-converter-starwalker-MB128502.html,MB128502,Piston Converter StarWalker,montblanc,15.0,USD,True,https://www.montblanc.com/dw/image/v2/BHDB_PRD/on/demandware.static/-/Sites-montblanc-master/default/dw6cf1e4a6/images/all-images/MB128502/ZOI33NRcQe2T7TyO_wuDEg_d21dca94.png?sw=315&q=90,Fountain Pen Accessories,jsonld,1,1,category,en-us,MB128502,Fountain Pen,,Black,,False,,price-asc
montblanc.com,2026-09-17T22:36:53.099780+00:00,https://www.montblanc.com/en-us/ink-bottle-great-characters-homage-to-enzo-ferrari-purple---50ml-MB128080.html,MB128080,"Ink Bottle, Great Characters Homage to Enzo Ferrari, Purple - 50ml",montblanc,55.0,USD,False,https://www.montblanc.com/dw/image/v2/BHDB_PRD/on/demandware.static/-/Sites-montblanc-master/default/dwc7030a63/images/all-images/MB128080/7GkQIzTmQT-UIZVuZusGAw_7392c88f.png?sw=315&q=90,Ink bottles,jsonld,1,2,category,en-us,MB128080,Fountain Pen,Ink Bottle,Purple,50 ml,False,,price-asc
montblanc.com,2026-09-17T22:36:53.099816+00:00,https://www.montblanc.com/en-us/ink-bottle-starwalker-extreme-blaze-orange-50-ml-MB136804.html,MB136804,"Ink Bottle, StarWalker Extreme, Blaze Orange, 50 ml",montblanc,55.0,USD,False,https://www.montblanc.com/dw/image/v2/BHDB_PRD/on/demandware.static/-/Sites-montblanc-master/default/dw9b657dd1/images/all-images/MB136804/M7MoCL1kSaOGvn1NnKGiCg_85b3a564.png?sw=315&q=90,Ink bottles,jsonld,1,3,category,en-us,MB136804,Fountain Pen,Ink Bottle,Orange,50 ml,False,,price-asc
montblanc.com,2026-09-17T22:36:53.099847+00:00,https://www.montblanc.com/en-us/ink-bottle-great-characters-homage-to-queen-red---50ml-MB134412.html,MB134412,"Ink Bottle, Great Characters Homage to Queen, Red - 50ml",montblanc,55.0,USD,False,https://www.montblanc.com/dw/image/v2/BHDB_PRD/on/demandware.static/-/Sites-montblanc-master/default/dweb5c1ea9/images/all-images/MB134412/jdLUwpEMQIqVzk09_kRFUg_b4ee8c05.png?sw=315&q=90,Ink bottles,jsonld,1,4,category,en-us,MB134412,Fountain Pen,Ink Bottle,Red,50 ml,False,,price-asc
montblanc.com,2026-09-17T22:36:53.099877+00:00,https://www.montblanc.com/en-us/ink-bottle-starwalker-polargreen-green---50ml-MB134410.html,MB134410,"Ink Bottle, StarWalker PolarGreen, Green - 50ml",montblanc,55.0,USD,False,https://www.montblanc.com/dw/image/v2/BHDB_PRD/on/demandware.static/-/Sites-montblanc-master/default/dwaacd528c/images/all-images/MB134410/N79robEXS6ijxbUU5QhFBg_e72f64bb.png?sw=315&q=90,Ink bottles,jsonld,1,5,category,en-us,MB134410,Fountain Pen,Ink Bottle,Green,50 ml,False,,price-asc
montblanc.com,2026-09-17T22:36:53.099906+00:00,https://www.montblanc.com/en-us/ink-bottle-writers-edition-homage-to-bram-stoker-purple-50-ml-MB136803.html,MB136803,"Ink Bottle, Writers Edition Homage to Bram Stoker, Purple, 50 ml",montblanc,55.0,USD,False,https://www.montblanc.com/dw/image/v2/BHDB_PRD/on/demandware.static/-/Sites-montblanc-master/default/dwdbb0f518/images/all-images/MB136803/Cb0wAF_vSGOpnDByn-jCDg_6fec0c03.png?sw=315&q=90,Ink bottles,jsonld,1,6,category,en-us,MB136803,Fountain Pen,Ink Bottle,Purple,50 ml,False,,price-asc
montblanc.com,2026-09-17T22:36:53.099943+00:00,https://www.montblanc.com/en-us/ink-bottle-great-characters-homage-to-the-great-gatsby-green---50ml-MB132954.html,MB132954,"Ink bottle, Great Characters Homage to The Great Gatsby, Green - 50ml",montblanc,55.0,USD,False,https://www.montblanc.com/dw/image/v2/BHDB_PRD/on/demandware.static/-/Sites-montblanc-master/default/dw2c8b2229/images/all-images/MB132954/GcCuEQYKSOa8wqXvHE_DEQ_554f89a2.png?sw=315&q=90,Ink bottles,jsonld,1,7,category,en-us,MB132954,Fountain Pen,Ink Bottle,,50 ml,False,,price-asc
montblanc.com,2026-09-17T22:36:53.099973+00:00,https://www.montblanc.com/en-us/ink-bottle-masters-of-art-homage-to-pierre-auguste-renoir-bleu-outremer---50ml-MB134411.html,MB134411,"Ink Bottle, Masters of Art Homage to Pierre-Auguste Renoir, Bleu Outremer - 50ml",montblanc,55.0,USD,True,https://www.montblanc.com/dw/image/v2/BHDB_PRD/on/demandware.static/-/Sites-montblanc-master/default/dw0020d5fc/images/all-images/MB134411/2pCFi_qESXqTNRYk4EOokA_e038f2e0.png?sw=315&q=90,Ink bottles,jsonld,1,8,category,en-us,MB134411,Fountain Pen,Ink Bottle,Blue,50 ml,False,,price-asc
montblanc.com,2026-09-17T22:36:53.100006+00:00,https://www.montblanc.com/en-us/ink-bottle-the-legend-of-zodiacs-the-goat-red-50-ml-MB136801.html,MB136801,"Ink Bottle, The Legend of Zodiacs The Goat, Red, 50 ml",montblanc,55.0,USD,False,https://www.montblanc.com/dw/image/v2/BHDB_PRD/on/demandware.static/-/Sites-montblanc-master/default/dw982fb1ef/images/all-images/MB136801/uccMwncRStSfW8nKV_0jtg_0983294b.png?sw=315&q=90,Ink bottles,jsonld,1,9,category,en-us,MB136801,Fountain Pen,Ink Bottle,Red,50 ml,False,,price-asc
montblanc.com,2026-09-17T22:36:53.100035+00:00,https://www.montblanc.com/en-us/ink-bottle-set-masters-of-art-homage-to-henri-matisse-3x30-ml-MB136805.html,MB136805,"Ink Bottle Set, Masters of Art Homage to Henri Matisse, 3x30 ml",montblanc,120.0,USD,True,https://www.montblanc.com/dw/image/v2/BHDB_PRD/on/demandware.static/-/Sites-montblanc-master/default/dw8e3067ee/images/all-images/MB136805/qP4sr79eSiipCPw3x3vwVA_a0882432.png?sw=315&q=90,Ink bottles,jsonld,1,10,category,en-us,MB136805,Fountain Pen,Ink Bottle,Multicolor,,False,,price-asc
montblanc.com,2026-09-17T22:36:53.100062+00:00,https://www.montblanc.com/en-us/medium-notebook-montblanc-maria-callas-lined-pages-MB136638.html,MB136638,"Medium Notebook, Montblanc Maria Callas, Lined Pages",montblanc,140.0,USD,True,https://www.montblanc.com/dw/image/v2/BHDB_PRD/on/demandware.static/-/Sites-montblanc-master/default/dwcdb7eb63/images/all-images/MB136638/uIZj76umRcCGrWrfziLhPA_44179091.png?sw=315&q=90,Notebooks,jsonld,1,11,category,en-us,MB136638,,,Red,,False,,price-asc
montblanc.com,2026-09-17T22:36:53.100090+00:00,https://www.montblanc.com/en-us/medium-notebook-writers-edition-homage-to-bram-stoker-lined-pages-MB136627.html,MB136627,"Medium Notebook, Writers Edition Homage to Bram Stoker, Lined Pages",montblanc,140.0,USD,False,https://www.montblanc.com/dw/image/v2/BHDB_PRD/on/demandware.static/-/Sites-montblanc-master/default/dw854050ea/images/all-images/MB136627/k2d07uCvRJWcjFPCjunnXg_90a3a84f.png?sw=315&q=90,Notebooks,jsonld,1,12,category,en-us,MB136627,,,Black,,False,,price-asc
